,precision,recall,f1
Active,0.901786,0.983766,0.940994
Passive,0.816176,0.627119,0.709265
Inactive,0.0,0.0,0.0
